Job ID,Title,Company,Work Location,Work Style,About Job,Experience required,Skills required,HR Name,HR Link,Resume,Re-posted,Date Posted,Date Applied,Job Link,External Job link,Questions Found,Connect Request
4193197902,Frontend Developer,Compunnel Inc,mpunnel Inc,mpunnel Inc,"About the job
Job Description
We are looking for a great JavaScript developer who is proficient with React.js. Your primary focus will be on developing user interface components and implementing them following well-known React.js middleware (such as React Hooks or Redux). You will ensure that these components and the overall application are robust and easy to maintain. You will coordinate with the rest of the team working on different layers of the infrastructure. Therefore, a commitment to collaborative problem solving, sophisticated design, and quality product is important.
 Responsibilities
Developing new user-facing features using React and Node.
Building reusable components and front-end libraries for future use
Translating designs and wireframes into high quality code
Optimizing components for maximum performance across a vast array of browsers and web-capable devices.
Develop new products/features for web that adhere to best practices 
Define the technical requirements that are required to develop the product/feature 
Architect and design the technical solution and implement the solution 
Deliver a hybrid user experience to be easily portable between web and mobile. 
Explore, assess and prototype new technologies to drive innovation and problem solving 
Partner and collaborate with stakeholders and other technology teams 
Identify and analyze open source/market solutions 
 Skills
Strong proficiency in JavaScript/TypeScript, including DOM manipulation and the JavaScript object model
Thorough understanding of React.js and its core principles
Experience with popular React.js workflows (such as Hooks or Redux)
Familiarity with newer specifications of ECMA-Script.
Must be hands on with all fundamental libraries and concepts to work a front-end application.
Experience with NoSQL data bases like Mongo DB.
Knowledge of isomorphic React is a plus
Familiarity with RESTful APIs
Knowledge of modern authorization mechanisms, such as JSON Web Token, oAuth.
Familiarity with modern front-end build pipelines and tools
Experience with common front-end development tools such as Babel, Webpack, NPM, etc.
Ability to understand business requirements and translate them into technical requirements
A knack for benchmarking and optimization
Familiarity with git version control tool",0,Needs an AI,Unknown,Unknown,Previous resume,False,Unknown,2025-04-08 21:26:00.481934,https://www.linkedin.com/jobs/view/4193197902,Easy Applied,"{('mobile phone number', '9951904116', 'text', '9951904116'), ('Phone country code [ ""List of phone country codes"" ]', 'Yes', 'select', 'India (+91)'), ('Email address [  ""Select an option"", ""someswar735@gmail.com"", ]', 'Yes', 'select', 'someswar735@gmail.com'), ('Are you comfortable working in an onsite setting? [  ""Yes""<Yes>, ""No""<No>, ]', '""Yes""<Yes>', 'radio', '""Yes""<Yes>'), ('how many years of work experience do you have with react.js?', '1', 'text', '1'), ('how many years of work experience do you have with javascript?', '1', 'text', '1')}",In Development
